/*
SQLyog v10.2 
MySQL - 5.0.45-community-nt : Database - cmsdb
*********************************************************************
*/

/*!40101 SET NAMES utf8 */;

/*!40101 SET SQL_MODE=''*/;

/*!40014 SET @OLD_UNIQUE_CHECKS=@@UNIQUE_CHECKS, UNIQUE_CHECKS=0 */;
/*!40014 SET @OLD_FOREIGN_KEY_CHECKS=@@FOREIGN_KEY_CHECKS, FOREIGN_KEY_CHECKS=0 */;
/*!40101 SET @OLD_SQL_MODE=@@SQL_MODE, SQL_MODE='NO_AUTO_VALUE_ON_ZERO' */;
/*!40111 SET @OLD_SQL_NOTES=@@SQL_NOTES, SQL_NOTES=0 */;
/*Table structure for table `TbcConTemp` */
 
/*Table structure for table `TbcMenu` */

DROP TABLE IF EXISTS `TbcMenu`;

CREATE TABLE `TbcMenu` (
  `id` char(20) collate utf8_unicode_ci NOT NULL COMMENT '唯一',
  `parentId` char(20) collate utf8_unicode_ci default NULL COMMENT '父节点',
  `name` varchar(50) collate utf8_unicode_ci default NULL COMMENT '名称',
  `isMenu` int(1) default '0' COMMENT '菜单类型',
  `type` int(1) default '0' COMMENT '系统类型',
  `sortNumber` int(9) default '0' COMMENT '排序',
  `url` varchar(200) collate utf8_unicode_ci default NULL COMMENT '地址',
  `button` varchar(500) collate utf8_unicode_ci default NULL COMMENT '按钮',
  `status` int(9) default '0' COMMENT '状态',
  `createTime` timestamp NOT NULL default CURRENT_TIMESTAMP COMMENT '时间',
  PRIMARY KEY  (`id`)
) ENGINE=InnoDB DEFAULT CHARSET=utf8 COLLATE=utf8_unicode_ci COMMENT='主页导航';

/*Data for the table `TbcMenu` */

insert  into `TbcMenu`(`id`,`parentId`,`name`,`isMenu`,`type`,`sortNumber`,`url`,`button`,`status`,`createTime`) values ('13080110400112249549',NULL,'生成',1,2,2,'sc/','',0,'2013-08-01 10:40:01'),('13080110400123222695',NULL,'关于',1,5,5,'about/','',0,'2013-08-01 10:40:01'),('13080110400124881528',NULL,'下载',1,3,3,'download.html','',0,'2013-08-01 10:40:01'),('13080110400148662654',NULL,'演示',1,1,1,'admin/login.html','',0,'2013-08-01 10:40:01'),('13080110400148966680',NULL,'菜单',1,0,5,'about/','',0,'2013-08-01 10:40:01'),('13080110400161984019','13080110400148966680','菜单2',1,0,5,'about/','',0,'2013-08-01 10:40:01'),('13080110400175818670','13080110400148966680','菜单1',1,0,5,'about/','',0,'2013-08-01 10:40:01'),('13080110400178754832',NULL,'帮助',1,4,4,'help/','',0,'2013-08-01 10:40:01'),('13080110400180278177',NULL,'首页',1,0,0,'index.html','',0,'2013-08-01 10:40:01');

/*Table structure for table `TbcMenuHelp` */
 
/*Table structure for table `TbcTemp` */

 
/*Table structure for table `TbsBrowserName` */

DROP TABLE IF EXISTS `TbsBrowserName`;

CREATE TABLE `TbsBrowserName` (
  `id` char(20) collate utf8_unicode_ci NOT NULL COMMENT '主键',
  `browser` varchar(50) collate utf8_unicode_ci default NULL COMMENT '搜索',
  `nickname` varchar(20) collate utf8_unicode_ci default NULL COMMENT '昵称',
  `type` int(1) default '0' COMMENT '类型',
  `createTime` timestamp NOT NULL default CURRENT_TIMESTAMP COMMENT '时间',
  PRIMARY KEY  (`id`)
) ENGINE=InnoDB DEFAULT CHARSET=utf8 COLLATE=utf8_unicode_ci COMMENT='浏览器表';

/*Data for the table `TbsBrowserName` */

insert  into `TbsBrowserName`(`id`,`browser`,`nickname`,`type`,`createTime`) values ('13080110400012609002','MSIE 7','IE7',0,'2013-08-01 10:40:00'),('13080110400028012034','Chrome','谷歌',0,'2013-08-01 10:40:00'),('13080110400031115769','Firefox','火狐',0,'2013-08-01 10:40:00'),('13080110400047293421','MSIE 10','IE10',0,'2013-08-01 10:40:00'),('13080110400059763946','MSIE 9','IE9',0,'2013-08-01 10:40:00'),('13080110400092717422','MSIE 8','IE8',0,'2013-08-01 10:40:00'),('13080110400093489970','MSIE 6','IE6',0,'2013-08-01 10:40:00'),('13080110400144830730','Opera','Opera',0,'2013-08-01 10:40:01'),('13080110400145789811','Safari','苹果',0,'2013-08-01 10:40:01');

 


/*Table structure for table `TbsMenu` */

DROP TABLE IF EXISTS `TbsMenu`;

CREATE TABLE `TbsMenu` (
  `id` char(20) collate utf8_unicode_ci NOT NULL COMMENT '唯一',
  `parentId` char(20) collate utf8_unicode_ci default NULL COMMENT '父节点',
  `name` varchar(50) collate utf8_unicode_ci default NULL COMMENT '名称',
  `isMenu` int(1) default '0' COMMENT '菜单类型',
  `type` int(1) default '0' COMMENT '加载方式',
  `sortNumber` int(9) default '0' COMMENT '排序',
  `url` varchar(200) collate utf8_unicode_ci default NULL COMMENT '地址',
  `button` varchar(500) collate utf8_unicode_ci default NULL COMMENT '按钮',
  `status` int(9) default '0' COMMENT '状态',
  `createTime` timestamp NOT NULL default CURRENT_TIMESTAMP COMMENT '时间',
  PRIMARY KEY  (`id`)
) ENGINE=InnoDB DEFAULT CHARSET=utf8 COLLATE=utf8_unicode_ci COMMENT='菜单导航';

/*Data for the table `TbsMenu` */

insert  into `TbsMenu`(`id`,`parentId`,`name`,`isMenu`,`type`,`sortNumber`,`url`,`button`,`status`,`createTime`) values ('13080110395429123439',NULL,'数据表统计',0,0,6,NULL,NULL,0,'2013-08-01 10:39:55'),('13080110395452058362',NULL,'系统管理',0,0,1,NULL,NULL,0,'2013-08-01 10:39:54'),('13080110395464455251',NULL,'源码生成',0,0,4,NULL,NULL,0,'2013-08-01 10:39:54'),('13080110395465301959',NULL,'数据表管理',0,0,5,NULL,NULL,0,'2013-08-01 10:39:54'),('13080110395467025147',NULL,'监控管理',0,0,2,NULL,NULL,0,'2013-08-01 10:39:54'),('13080110395479594851',NULL,'源码编辑',0,1,3,'admin/asyJson.html',NULL,0,'2013-08-01 10:39:54'),('13080110395482377948',NULL,'采集管理',0,0,7,NULL,NULL,0,'2013-08-01 10:39:55'),('13080110395496481672',NULL,'功能管理',0,0,8,NULL,NULL,0,'2013-08-01 10:39:55'),('13080110395611120673','13080110395429123439','采集列表统计',0,0,0,'admin/TbcListTemp/charts.html',NULL,0,'2013-08-01 10:39:56'),('13080110395613569133','13080110395699905356','导入',1,0,6,'admin/TbcListTemp/importDlg.html','<a href=\"javascript:void(0)\" onclick=\"javascript:tbcListTempGridImport()\" class=\"easyui-linkbutton\" data-options=\"plain:true,iconCls:\'icon-reload\'\">导入</a>',0,'2013-08-01 10:39:57'),('13080110395613725404','13080110395691096836','导出',1,0,5,'admin/TbcConTemp/export.html','<a href=\"javascript:void(0)\" onclick=\"javascript:tbcConTempGridExport()\" class=\"easyui-linkbutton\" data-options=\"plain:true,iconCls:\'icon-reload\'\">导出</a>',0,'2013-08-01 10:39:56'),('13080110395615893072','13080110395691096836','刷新',1,0,4,NULL,'<a href=\"javascript:void(0)\" onclick=\"javascript:tbcConTempGridReload()\" class=\"easyui-linkbutton\" data-options=\"plain:true,iconCls:\'icon-reload\'\">刷新</a>',0,'2013-08-01 10:39:56'),('13080110395621644708','13080110395699905356','导出',1,0,5,'admin/TbcListTemp/export.html','<a href=\"javascript:void(0)\" onclick=\"javascript:tbcListTempGridExport()\" class=\"easyui-linkbutton\" data-options=\"plain:true,iconCls:\'icon-reload\'\">导出</a>',0,'2013-08-01 10:39:56'),('13080110395626382602','13080110395659138846','删除',1,0,3,'admin/TbcContent/del.html','<a href=\"javascript:void(0)\" onclick=\"javascript:tbcContentGridDel()\" class=\"easyui-linkbutton\" data-options=\"plain:true,iconCls:\'icon-remove\'\">删除</a>',0,'2013-08-01 10:39:56'),('13080110395632914126','13080110395691096836','导入',1,0,6,'admin/TbcConTemp/importDlg.html','<a href=\"javascript:void(0)\" onclick=\"javascript:tbcConTempGridImport()\" class=\"easyui-linkbutton\" data-options=\"plain:true,iconCls:\'icon-reload\'\">导入</a>',0,'2013-08-01 10:39:56'),('13080110395634857849','13080110395699905356','编辑',1,0,2,'admin/TbcListTemp/edit.html,admin/TbcListTemp/baseDlg.html,admin/TbcListTemp/save.html','<a href=\"javascript:void(0)\" onclick=\"javascript:tbcListTempGridAddAndEdit(\'修改\',\'admin/TbcListTemp/save.html\',1)\" class=\"easyui-linkbutton\" data-options=\"plain:true,iconCls:\'icon-edit\'\">编辑 </a>',0,'2013-08-01 10:39:56'),('13080110395639232048','13080110395659138846','导出',1,0,5,'admin/TbcContent/export.html','<a href=\"javascript:void(0)\" onclick=\"javascript:tbcContentGridExport()\" class=\"easyui-linkbutton\" data-options=\"plain:true,iconCls:\'icon-reload\'\">导出</a>',0,'2013-08-01 10:39:56'),('13080110395640047752','13080110395691096836','添加',1,0,1,'admin/TbcConTemp/add.html,admin/TbcConTemp/baseDlg.html','<a href=\"javascript:void(0)\" onclick=\"javascript:tbcConTempGridAddAndEdit(\'添加 \',\'admin/TbcConTemp/add.html\',0)\" class=\"easyui-linkbutton\" data-options=\"plain:true,iconCls:\'icon-add\'\">添加</a>',0,'2013-08-01 10:39:56'),('13080110395645398888','13080110395691096836','查看',1,0,0,'admin/TbcConTemp/list.html,admin/TbcConTemp/listData.html,admin/TbcConTemp/TbcConTempSearchDlg.html',NULL,0,'2013-08-01 10:39:56'),('13080110395645678252','13080110395699905356','删除',1,0,3,'admin/TbcListTemp/del.html','<a href=\"javascript:void(0)\" onclick=\"javascript:tbcListTempGridDel()\" class=\"easyui-linkbutton\" data-options=\"plain:true,iconCls:\'icon-remove\'\">删除</a>',0,'2013-08-01 10:39:56'),('13080110395651783806','13080110395699905356','添加',1,0,1,'admin/TbcListTemp/add.html,admin/TbcListTemp/baseDlg.html','<a href=\"javascript:void(0)\" onclick=\"javascript:tbcListTempGridAddAndEdit(\'添加 \',\'admin/TbcListTemp/add.html\',0)\" class=\"easyui-linkbutton\" data-options=\"plain:true,iconCls:\'icon-add\'\">添加</a>',0,'2013-08-01 10:39:56'),('13080110395653269787','13080110395659138846','添加',1,0,1,'admin/TbcContent/add.html,admin/TbcContent/baseDlg.html','<a href=\"javascript:void(0)\" onclick=\"javascript:tbcContentGridAddAndEdit(\'添加 \',\'admin/TbcContent/add.html\',0)\" class=\"easyui-linkbutton\" data-options=\"plain:true,iconCls:\'icon-add\'\">添加</a>',0,'2013-08-01 10:39:56'),('13080110395656621508','13080110395429123439','采集内容统计',0,0,0,'admin/TbcConTemp/charts.html',NULL,0,'2013-08-01 10:39:56'),('13080110395659138846','13080110395465301959','文章表',0,0,0,'admin/TbcContent/index.html',NULL,0,'2013-08-01 10:39:56'),('13080110395663930065','13080110395659138846','编辑',1,0,2,'admin/TbcContent/edit.html,admin/TbcContent/baseDlg.html,admin/TbcContent/save.html','<a href=\"javascript:void(0)\" onclick=\"javascript:tbcContentGridAddAndEdit(\'修改\',\'admin/TbcContent/save.html\',1)\" class=\"easyui-linkbutton\" data-options=\"plain:true,iconCls:\'icon-edit\'\">编辑 </a>',0,'2013-08-01 10:39:56'),('13080110395666638261','13080110395699905356','刷新',1,0,4,NULL,'<a href=\"javascript:void(0)\" onclick=\"javascript:tbcListTempGridReload()\" class=\"easyui-linkbutton\" data-options=\"plain:true,iconCls:\'icon-reload\'\">刷新</a>',0,'2013-08-01 10:39:56'),('13080110395673868821','13080110395659138846','刷新',1,0,4,NULL,'<a href=\"javascript:void(0)\" onclick=\"javascript:tbcContentGridReload()\" class=\"easyui-linkbutton\" data-options=\"plain:true,iconCls:\'icon-reload\'\">刷新</a>',0,'2013-08-01 10:39:56'),('13080110395683217220','13080110395429123439','文章表统计',0,0,0,'admin/TbcContent/charts.html',NULL,0,'2013-08-01 10:39:56'),('13080110395688813751','13080110395659138846','导入',1,0,6,'admin/TbcContent/importDlg.html','<a href=\"javascript:void(0)\" onclick=\"javascript:tbcContentGridImport()\" class=\"easyui-linkbutton\" data-options=\"plain:true,iconCls:\'icon-reload\'\">导入</a>',0,'2013-08-01 10:39:56'),('13080110395691096836','13080110395465301959','采集内容',0,0,0,'admin/TbcConTemp/index.html',NULL,0,'2013-08-01 10:39:56'),('13080110395694342873','13080110395699905356','查看',1,0,0,'admin/TbcListTemp/list.html,admin/TbcListTemp/listData.html,admin/TbcListTemp/TbcListTempSearchDlg.html',NULL,0,'2013-08-01 10:39:56'),('13080110395696163608','13080110395691096836','编辑',1,0,2,'admin/TbcConTemp/edit.html,admin/TbcConTemp/baseDlg.html,admin/TbcConTemp/save.html','<a href=\"javascript:void(0)\" onclick=\"javascript:tbcConTempGridAddAndEdit(\'修改\',\'admin/TbcConTemp/save.html\',1)\" class=\"easyui-linkbutton\" data-options=\"plain:true,iconCls:\'icon-edit\'\">编辑 </a>',0,'2013-08-01 10:39:56'),('13080110395697316981','13080110395659138846','查看',1,0,0,'admin/TbcContent/list.html,admin/TbcContent/listData.html,admin/TbcContent/TbcContentSearchDlg.html',NULL,0,'2013-08-01 10:39:56'),('13080110395697742582','13080110395691096836','删除',1,0,3,'admin/TbcConTemp/del.html','<a href=\"javascript:void(0)\" onclick=\"javascript:tbcConTempGridDel()\" class=\"easyui-linkbutton\" data-options=\"plain:true,iconCls:\'icon-remove\'\">删除</a>',0,'2013-08-01 10:39:56'),('13080110395699905356','13080110395465301959','采集列表',0,0,0,'admin/TbcListTemp/index.html',NULL,0,'2013-08-01 10:39:56'),('13080110395710516979','13080110395793005827','添加',1,0,1,'admin/TbsA/add.html,admin/TbsA/baseDlg.html','<a href=\"javascript:void(0)\" onclick=\"javascript:tbsAGridAddAndEdit(\'添加 \',\'admin/TbsA/add.html\',0)\" class=\"easyui-linkbutton\" data-options=\"plain:true,iconCls:\'icon-add\'\">添加</a>',0,'2013-08-01 10:39:57'),('13080110395712145551','13080110395785917970','导出',1,0,5,'admin/TbcMenuHelp/export.html','<a href=\"javascript:void(0)\" onclick=\"javascript:tbcMenuHelpGridExport()\" class=\"easyui-linkbutton\" data-options=\"plain:true,iconCls:\'icon-reload\'\">导出</a>',0,'2013-08-01 10:39:57'),('13080110395714241215','13080110395785917970','导入',1,0,6,'admin/TbcMenuHelp/importDlg.html','<a href=\"javascript:void(0)\" onclick=\"javascript:tbcMenuHelpGridImport()\" class=\"easyui-linkbutton\" data-options=\"plain:true,iconCls:\'icon-reload\'\">导入</a>',0,'2013-08-01 10:39:57'),('13080110395714866969','13080110395793005827','导入',1,0,6,'admin/TbsA/importDlg.html','<a href=\"javascript:void(0)\" onclick=\"javascript:tbsAGridImport()\" class=\"easyui-linkbutton\" data-options=\"plain:true,iconCls:\'icon-reload\'\">导入</a>',0,'2013-08-01 10:39:58'),('13080110395721460009','13080110395429123439','采集临时表统计',0,0,0,'admin/TbcTemp/charts.html',NULL,0,'2013-08-01 10:39:57'),('13080110395721483895','13080110395796996649','刷新',1,0,4,NULL,'<a href=\"javascript:void(0)\" onclick=\"javascript:tbcMenuGridReload()\" class=\"easyui-linkbutton\" data-options=\"plain:true,iconCls:\'icon-reload\'\">刷新</a>',0,'2013-08-01 10:39:57'),('13080110395722705531','13080110395785917970','删除',1,0,3,'admin/TbcMenuHelp/del.html','<a href=\"javascript:void(0)\" onclick=\"javascript:tbcMenuHelpGridDel()\" class=\"easyui-linkbutton\" data-options=\"plain:true,iconCls:\'icon-remove\'\">删除</a>',0,'2013-08-01 10:39:57'),('13080110395722894522','13080110395785917970','编辑',1,0,2,'admin/TbcMenuHelp/edit.html,admin/TbcMenuHelp/baseDlg.html,admin/TbcMenuHelp/save.html','<a href=\"javascript:void(0)\" onclick=\"javascript:tbcMenuHelpGridAddAndEdit(\'修改\',\'admin/TbcMenuHelp/save.html\',1)\" class=\"easyui-linkbutton\" data-options=\"plain:true,iconCls:\'icon-edit\'\">编辑 </a>',0,'2013-08-01 10:39:57'),('13080110395723448796','13080110395765137191','编辑',1,0,2,'admin/TbcTemp/edit.html,admin/TbcTemp/baseDlg.html,admin/TbcTemp/save.html','<a href=\"javascript:void(0)\" onclick=\"javascript:tbcTempGridAddAndEdit(\'修改\',\'admin/TbcTemp/save.html\',1)\" class=\"easyui-linkbutton\" data-options=\"plain:true,iconCls:\'icon-edit\'\">编辑 </a>',0,'2013-08-01 10:39:57'),('13080110395723467046','13080110395793005827','删除',1,0,3,'admin/TbsA/del.html','<a href=\"javascript:void(0)\" onclick=\"javascript:tbsAGridDel()\" class=\"easyui-linkbutton\" data-options=\"plain:true,iconCls:\'icon-remove\'\">删除</a>',0,'2013-08-01 10:39:58'),('13080110395724533805','13080110395796996649','导入',1,0,6,'admin/TbcMenu/importDlg.html','<a href=\"javascript:void(0)\" onclick=\"javascript:tbcMenuGridImport()\" class=\"easyui-linkbutton\" data-options=\"plain:true,iconCls:\'icon-reload\'\">导入</a>',0,'2013-08-01 10:39:57'),('13080110395729214448','13080110395785917970','查看',1,0,0,'admin/TbcMenuHelp/list.html,admin/TbcMenuHelp/listData.html,admin/TbcMenuHelp/TbcMenuHelpSearchDlg.html',NULL,0,'2013-08-01 10:39:57'),('13080110395733177558','13080110395765137191','导出',1,0,5,'admin/TbcTemp/export.html','<a href=\"javascript:void(0)\" onclick=\"javascript:tbcTempGridExport()\" class=\"easyui-linkbutton\" data-options=\"plain:true,iconCls:\'icon-reload\'\">导出</a>',0,'2013-08-01 10:39:57'),('13080110395734008543','13080110395429123439','InnoDB free: 9216 kB统计',0,0,0,'admin/TbsA/charts.html',NULL,0,'2013-08-01 10:39:57'),('13080110395742798360','13080110395785917970','刷新',1,0,4,NULL,'<a href=\"javascript:void(0)\" onclick=\"javascript:tbcMenuHelpGridReload()\" class=\"easyui-linkbutton\" data-options=\"plain:true,iconCls:\'icon-reload\'\">刷新</a>',0,'2013-08-01 10:39:57'),('13080110395742843578','13080110395765137191','查看',1,0,0,'admin/TbcTemp/list.html,admin/TbcTemp/listData.html,admin/TbcTemp/TbcTempSearchDlg.html',NULL,0,'2013-08-01 10:39:57'),('13080110395747899045','13080110395765137191','导入',1,0,6,'admin/TbcTemp/importDlg.html','<a href=\"javascript:void(0)\" onclick=\"javascript:tbcTempGridImport()\" class=\"easyui-linkbutton\" data-options=\"plain:true,iconCls:\'icon-reload\'\">导入</a>',0,'2013-08-01 10:39:57'),('13080110395756011368','13080110395796996649','编辑',1,0,2,'admin/TbcMenu/edit.html,admin/TbcMenu/baseDlg.html,admin/TbcMenu/save.html','<a href=\"javascript:void(0)\" onclick=\"javascript:tbcMenuGridAddAndEdit(\'修改\',\'admin/TbcMenu/save.html\',1)\" class=\"easyui-linkbutton\" data-options=\"plain:true,iconCls:\'icon-edit\'\">编辑 </a>',0,'2013-08-01 10:39:57'),('13080110395758885384','13080110395429123439','主页导航统计',0,0,0,'admin/TbcMenu/charts.html',NULL,0,'2013-08-01 10:39:57'),('13080110395758916352','13080110395796996649','查看',1,0,0,'admin/TbcMenu/list.html,admin/TbcMenu/listData.html,admin/TbcMenu/TbcMenuSearchDlg.html',NULL,0,'2013-08-01 10:39:57'),('13080110395765137191','13080110395465301959','采集临时表',0,0,0,'admin/TbcTemp/index.html',NULL,0,'2013-08-01 10:39:57'),('13080110395768944135','13080110395793005827','导出',1,0,5,'admin/TbsA/export.html','<a href=\"javascript:void(0)\" onclick=\"javascript:tbsAGridExport()\" class=\"easyui-linkbutton\" data-options=\"plain:true,iconCls:\'icon-reload\'\">导出</a>',0,'2013-08-01 10:39:58'),('13080110395776033472','13080110395793005827','编辑',1,0,2,'admin/TbsA/edit.html,admin/TbsA/baseDlg.html,admin/TbsA/save.html','<a href=\"javascript:void(0)\" onclick=\"javascript:tbsAGridAddAndEdit(\'修改\',\'admin/TbsA/save.html\',1)\" class=\"easyui-linkbutton\" data-options=\"plain:true,iconCls:\'icon-edit\'\">编辑 </a>',0,'2013-08-01 10:39:57'),('13080110395779760863','13080110395765137191','删除',1,0,3,'admin/TbcTemp/del.html','<a href=\"javascript:void(0)\" onclick=\"javascript:tbcTempGridDel()\" class=\"easyui-linkbutton\" data-options=\"plain:true,iconCls:\'icon-remove\'\">删除</a>',0,'2013-08-01 10:39:57'),('13080110395780210488','13080110395429123439','帮助表统计',0,0,0,'admin/TbcMenuHelp/charts.html',NULL,0,'2013-08-01 10:39:57'),('13080110395785917970','13080110395465301959','帮助表',0,0,0,'admin/TbcMenuHelp/index.html',NULL,0,'2013-08-01 10:39:57'),('13080110395786984982','13080110395765137191','添加',1,0,1,'admin/TbcTemp/add.html,admin/TbcTemp/baseDlg.html','<a href=\"javascript:void(0)\" onclick=\"javascript:tbcTempGridAddAndEdit(\'添加 \',\'admin/TbcTemp/add.html\',0)\" class=\"easyui-linkbutton\" data-options=\"plain:true,iconCls:\'icon-add\'\">添加</a>',0,'2013-08-01 10:39:57'),('13080110395788790340','13080110395785917970','添加',1,0,1,'admin/TbcMenuHelp/add.html,admin/TbcMenuHelp/baseDlg.html','<a href=\"javascript:void(0)\" onclick=\"javascript:tbcMenuHelpGridAddAndEdit(\'添加 \',\'admin/TbcMenuHelp/add.html\',0)\" class=\"easyui-linkbutton\" data-options=\"plain:true,iconCls:\'icon-add\'\">添加</a>',0,'2013-08-01 10:39:57'),('13080110395791851275','13080110395793005827','刷新',1,0,4,NULL,'<a href=\"javascript:void(0)\" onclick=\"javascript:tbsAGridReload()\" class=\"easyui-linkbutton\" data-options=\"plain:true,iconCls:\'icon-reload\'\">刷新</a>',0,'2013-08-01 10:39:58'),('13080110395792841516','13080110395793005827','查看',1,0,0,'admin/TbsA/list.html,admin/TbsA/listData.html,admin/TbsA/TbsASearchDlg.html',NULL,0,'2013-08-01 10:39:57'),('13080110395793005827','13080110395465301959','InnoDB free: 9216 kB',0,0,0,'admin/TbsA/index.html',NULL,0,'2013-08-01 10:39:57'),('13080110395794659491','13080110395765137191','刷新',1,0,4,NULL,'<a href=\"javascript:void(0)\" onclick=\"javascript:tbcTempGridReload()\" class=\"easyui-linkbutton\" data-options=\"plain:true,iconCls:\'icon-reload\'\">刷新</a>',0,'2013-08-01 10:39:57'),('13080110395796996649','13080110395465301959','主页导航',0,0,0,'admin/TbcMenu/index.html',NULL,0,'2013-08-01 10:39:57'),('13080110395797242519','13080110395796996649','添加',1,0,1,'admin/TbcMenu/add.html,admin/TbcMenu/baseDlg.html','<a href=\"javascript:void(0)\" onclick=\"javascript:tbcMenuGridAddAndEdit(\'添加 \',\'admin/TbcMenu/add.html\',0)\" class=\"easyui-linkbutton\" data-options=\"plain:true,iconCls:\'icon-add\'\">添加</a>',0,'2013-08-01 10:39:57'),('13080110395798754464','13080110395796996649','删除',1,0,3,'admin/TbcMenu/del.html','<a href=\"javascript:void(0)\" onclick=\"javascript:tbcMenuGridDel()\" class=\"easyui-linkbutton\" data-options=\"plain:true,iconCls:\'icon-remove\'\">删除</a>',0,'2013-08-01 10:39:57'),('13080110395799989446','13080110395796996649','导出',1,0,5,'admin/TbcMenu/export.html','<a href=\"javascript:void(0)\" onclick=\"javascript:tbcMenuGridExport()\" class=\"easyui-linkbutton\" data-options=\"plain:true,iconCls:\'icon-reload\'\">导出</a>',0,'2013-08-01 10:39:57'),('13080110395812154875','13080110395482377948','数据采集',0,0,0,'admin/TbsHttpRequest/index.html',NULL,0,'2013-08-01 10:39:58'),('13080110395815247034','13080110395868854493','编辑',1,0,2,'admin/TbsB/edit.html,admin/TbsB/baseDlg.html,admin/TbsB/save.html','<a href=\"javascript:void(0)\" onclick=\"javascript:tbsBGridAddAndEdit(\'修改\',\'admin/TbsB/save.html\',1)\" class=\"easyui-linkbutton\" data-options=\"plain:true,iconCls:\'icon-edit\'\">编辑 </a>',0,'2013-08-01 10:39:58'),('13080110395815677705','13080110395465301959','浏览器表',0,0,0,'admin/TbsBrowserName/index.html',NULL,0,'2013-08-01 10:39:58'),('13080110395816467548','13080110395815677705','删除',1,0,3,'admin/TbsBrowserName/del.html','<a href=\"javascript:void(0)\" onclick=\"javascript:tbsBrowserNameGridDel()\" class=\"easyui-linkbutton\" data-options=\"plain:true,iconCls:\'icon-remove\'\">删除</a>',0,'2013-08-01 10:39:58'),('13080110395822110553','13080110395812154875','刷新',1,0,4,NULL,'<a href=\"javascript:void(0)\" onclick=\"javascript:tbsHttpRequestGridReload()\" class=\"easyui-linkbutton\" data-options=\"plain:true,iconCls:\'icon-reload\'\">刷新</a>',0,'2013-08-01 10:39:59'),('13080110395823271949','13080110395429123439','InnoDB free: 9216 kB统计',0,0,0,'admin/TbsB/charts.html',NULL,0,'2013-08-01 10:39:58'),('13080110395824454690','13080110395868854493','查看',1,0,0,'admin/TbsB/list.html,admin/TbsB/listData.html,admin/TbsB/TbsBSearchDlg.html',NULL,0,'2013-08-01 10:39:58'),('13080110395825454594','13080110395815677705','查看',1,0,0,'admin/TbsBrowserName/list.html,admin/TbsBrowserName/listData.html,admin/TbsBrowserName/TbsBrowserNameSearchDlg.html',NULL,0,'2013-08-01 10:39:58'),('13080110395826782648','13080110395815677705','编辑',1,0,2,'admin/TbsBrowserName/edit.html,admin/TbsBrowserName/baseDlg.html,admin/TbsBrowserName/save.html','<a href=\"javascript:void(0)\" onclick=\"javascript:tbsBrowserNameGridAddAndEdit(\'修改\',\'admin/TbsBrowserName/save.html\',1)\" class=\"easyui-linkbutton\" data-options=\"plain:true,iconCls:\'icon-edit\'\">编辑 </a>',0,'2013-08-01 10:39:58'),('13080110395827744320','13080110395429123439','InnoDB free: 9216 kB统计',0,0,0,'admin/TbsC/charts.html',NULL,0,'2013-08-01 10:39:58'),('13080110395828132946','13080110395429123439','数据采集统计',0,0,0,'admin/TbsHttpRequest/charts.html',NULL,0,'2013-08-01 10:39:58'),('13080110395831253892','13080110395815677705','添加',1,0,1,'admin/TbsBrowserName/add.html,admin/TbsBrowserName/baseDlg.html','<a href=\"javascript:void(0)\" onclick=\"javascript:tbsBrowserNameGridAddAndEdit(\'添加 \',\'admin/TbsBrowserName/add.html\',0)\" class=\"easyui-linkbutton\" data-options=\"plain:true,iconCls:\'icon-add\'\">添加</a>',0,'2013-08-01 10:39:58'),('13080110395832928454','13080110395868854493','导出',1,0,5,'admin/TbsB/export.html','<a href=\"javascript:void(0)\" onclick=\"javascript:tbsBGridExport()\" class=\"easyui-linkbutton\" data-options=\"plain:true,iconCls:\'icon-reload\'\">导出</a>',0,'2013-08-01 10:39:58'),('13080110395833156088','13080110395889145398','导出',1,0,5,'admin/TbsC/export.html','<a href=\"javascript:void(0)\" onclick=\"javascript:tbsCGridExport()\" class=\"easyui-linkbutton\" data-options=\"plain:true,iconCls:\'icon-reload\'\">导出</a>',0,'2013-08-01 10:39:58'),('13080110395844694988','13080110395815677705','导出',1,0,5,'admin/TbsBrowserName/export.html','<a href=\"javascript:void(0)\" onclick=\"javascript:tbsBrowserNameGridExport()\" class=\"easyui-linkbutton\" data-options=\"plain:true,iconCls:\'icon-reload\'\">导出</a>',0,'2013-08-01 10:39:58'),('13080110395845090156','13080110395812154875','导出',1,0,5,'admin/TbsHttpRequest/export.html','<a href=\"javascript:void(0)\" onclick=\"javascript:tbsHttpRequestGridExport()\" class=\"easyui-linkbutton\" data-options=\"plain:true,iconCls:\'icon-reload\'\">导出</a>',0,'2013-08-01 10:39:59'),('13080110395848861129','13080110395812154875','查看',1,0,0,'admin/TbsHttpRequest/list.html,admin/TbsHttpRequest/listData.html,admin/TbsHttpRequest/TbsHttpRequestSearchDlg.html',NULL,0,'2013-08-01 10:39:58'),('13080110395850021644','13080110395889145398','删除',1,0,3,'admin/TbsC/del.html','<a href=\"javascript:void(0)\" onclick=\"javascript:tbsCGridDel()\" class=\"easyui-linkbutton\" data-options=\"plain:true,iconCls:\'icon-remove\'\">删除</a>',0,'2013-08-01 10:39:58'),('13080110395853291478','13080110395812154875','导入',1,0,6,'admin/TbsHttpRequest/importDlg.html','<a href=\"javascript:void(0)\" onclick=\"javascript:tbsHttpRequestGridImport()\" class=\"easyui-linkbutton\" data-options=\"plain:true,iconCls:\'icon-reload\'\">导入</a>',0,'2013-08-01 10:39:59'),('13080110395857119890','13080110395889145398','添加',1,0,1,'admin/TbsC/add.html,admin/TbsC/baseDlg.html','<a href=\"javascript:void(0)\" onclick=\"javascript:tbsCGridAddAndEdit(\'添加 \',\'admin/TbsC/add.html\',0)\" class=\"easyui-linkbutton\" data-options=\"plain:true,iconCls:\'icon-add\'\">添加</a>',0,'2013-08-01 10:39:58'),('13080110395861526370','13080110395812154875','编辑',1,0,2,'admin/TbsHttpRequest/edit.html,admin/TbsHttpRequest/baseDlg.html,admin/TbsHttpRequest/save.html','<a href=\"javascript:void(0)\" onclick=\"javascript:tbsHttpRequestGridAddAndEdit(\'修改\',\'admin/TbsHttpRequest/save.html\',1)\" class=\"easyui-linkbutton\" data-options=\"plain:true,iconCls:\'icon-edit\'\">编辑 </a>',0,'2013-08-01 10:39:58'),('13080110395862386884','13080110395815677705','导入',1,0,6,'admin/TbsBrowserName/importDlg.html','<a href=\"javascript:void(0)\" onclick=\"javascript:tbsBrowserNameGridImport()\" class=\"easyui-linkbutton\" data-options=\"plain:true,iconCls:\'icon-reload\'\">导入</a>',0,'2013-08-01 10:39:58'),('13080110395864985729','13080110395868854493','删除',1,0,3,'admin/TbsB/del.html','<a href=\"javascript:void(0)\" onclick=\"javascript:tbsBGridDel()\" class=\"easyui-linkbutton\" data-options=\"plain:true,iconCls:\'icon-remove\'\">删除</a>',0,'2013-08-01 10:39:58'),('13080110395868854493','13080110395465301959','InnoDB free: 9216 kB',0,0,0,'admin/TbsB/index.html',NULL,0,'2013-08-01 10:39:58'),('13080110395869837489','13080110395889145398','刷新',1,0,4,NULL,'<a href=\"javascript:void(0)\" onclick=\"javascript:tbsCGridReload()\" class=\"easyui-linkbutton\" data-options=\"plain:true,iconCls:\'icon-reload\'\">刷新</a>',0,'2013-08-01 10:39:58'),('13080110395870929930','13080110395812154875','添加',1,0,1,'admin/TbsHttpRequest/add.html,admin/TbsHttpRequest/baseDlg.html','<a href=\"javascript:void(0)\" onclick=\"javascript:tbsHttpRequestGridAddAndEdit(\'添加 \',\'admin/TbsHttpRequest/add.html\',0)\" class=\"easyui-linkbutton\" data-options=\"plain:true,iconCls:\'icon-add\'\">添加</a>',0,'2013-08-01 10:39:58'),('13080110395871176406','13080110395812154875','删除',1,0,3,'admin/TbsHttpRequest/del.html','<a href=\"javascript:void(0)\" onclick=\"javascript:tbsHttpRequestGridDel()\" class=\"easyui-linkbutton\" data-options=\"plain:true,iconCls:\'icon-remove\'\">删除</a>',0,'2013-08-01 10:39:58'),('13080110395877728504','13080110395429123439','浏览器表统计',0,0,0,'admin/TbsBrowserName/charts.html',NULL,0,'2013-08-01 10:39:58'),('13080110395882472273','13080110395889145398','导入',1,0,6,'admin/TbsC/importDlg.html','<a href=\"javascript:void(0)\" onclick=\"javascript:tbsCGridImport()\" class=\"easyui-linkbutton\" data-options=\"plain:true,iconCls:\'icon-reload\'\">导入</a>',0,'2013-08-01 10:39:58'),('13080110395883030381','13080110395815677705','刷新',1,0,4,NULL,'<a href=\"javascript:void(0)\" onclick=\"javascript:tbsBrowserNameGridReload()\" class=\"easyui-linkbutton\" data-options=\"plain:true,iconCls:\'icon-reload\'\">刷新</a>',0,'2013-08-01 10:39:58'),('13080110395889145398','13080110395465301959','InnoDB free: 9216 kB',0,0,0,'admin/TbsC/index.html',NULL,0,'2013-08-01 10:39:58'),('13080110395891898401','13080110395868854493','导入',1,0,6,'admin/TbsB/importDlg.html','<a href=\"javascript:void(0)\" onclick=\"javascript:tbsBGridImport()\" class=\"easyui-linkbutton\" data-options=\"plain:true,iconCls:\'icon-reload\'\">导入</a>',0,'2013-08-01 10:39:58'),('13080110395895811833','13080110395889145398','查看',1,0,0,'admin/TbsC/list.html,admin/TbsC/listData.html,admin/TbsC/TbsCSearchDlg.html',NULL,0,'2013-08-01 10:39:58'),('13080110395896387394','13080110395868854493','添加',1,0,1,'admin/TbsB/add.html,admin/TbsB/baseDlg.html','<a href=\"javascript:void(0)\" onclick=\"javascript:tbsBGridAddAndEdit(\'添加 \',\'admin/TbsB/add.html\',0)\" class=\"easyui-linkbutton\" data-options=\"plain:true,iconCls:\'icon-add\'\">添加</a>',0,'2013-08-01 10:39:58'),('13080110395898158656','13080110395889145398','编辑',1,0,2,'admin/TbsC/edit.html,admin/TbsC/baseDlg.html,admin/TbsC/save.html','<a href=\"javascript:void(0)\" onclick=\"javascript:tbsCGridAddAndEdit(\'修改\',\'admin/TbsC/save.html\',1)\" class=\"easyui-linkbutton\" data-options=\"plain:true,iconCls:\'icon-edit\'\">编辑 </a>',0,'2013-08-01 10:39:58'),('13080110395899250652','13080110395868854493','刷新',1,0,4,NULL,'<a href=\"javascript:void(0)\" onclick=\"javascript:tbsBGridReload()\" class=\"easyui-linkbutton\" data-options=\"plain:true,iconCls:\'icon-reload\'\">刷新</a>',0,'2013-08-01 10:39:58'),('13080110395910985606','13080110395946934620','刷新',1,0,4,NULL,'<a href=\"javascript:void(0)\" onclick=\"javascript:tbsRoleMenuGridReload()\" class=\"easyui-linkbutton\" data-options=\"plain:true,iconCls:\'icon-reload\'\">刷新</a>',0,'2013-08-01 10:40:00'),('13080110395916454313','13080110395960103563','导入',1,0,6,'admin/TbsMenu/importDlg.html','<a href=\"javascript:void(0)\" onclick=\"javascript:tbsMenuGridImport()\" class=\"easyui-linkbutton\" data-options=\"plain:true,iconCls:\'icon-reload\'\">导入</a>',0,'2013-08-01 10:39:59'),('13080110395916934046','13080110395467025147','登录日志',0,0,0,'admin/TbsLoginLog/index.html',NULL,0,'2013-08-01 10:39:59'),('13080110395918170272','13080110395958402126','导出',1,0,5,'admin/TbsRole/export.html','<a href=\"javascript:void(0)\" onclick=\"javascript:tbsRoleGridExport()\" class=\"easyui-linkbutton\" data-options=\"plain:true,iconCls:\'icon-reload\'\">导出</a>',0,'2013-08-01 10:39:59'),('13080110395919007085','13080110395960103563','编辑',1,0,2,'admin/TbsMenu/edit.html,admin/TbsMenu/baseDlg.html,admin/TbsMenu/save.html','<a href=\"javascript:void(0)\" onclick=\"javascript:tbsMenuGridAddAndEdit(\'修改\',\'admin/TbsMenu/save.html\',1)\" class=\"easyui-linkbutton\" data-options=\"plain:true,iconCls:\'icon-edit\'\">编辑 </a>',0,'2013-08-01 10:39:59'),('13080110395922269390','13080110395946934620','编辑',1,0,2,'admin/TbsRoleMenu/edit.html,admin/TbsRoleMenu/baseDlg.html,admin/TbsRoleMenu/save.html','<a href=\"javascript:void(0)\" onclick=\"javascript:tbsRoleMenuGridAddAndEdit(\'修改\',\'admin/TbsRoleMenu/save.html\',1)\" class=\"easyui-linkbutton\" data-options=\"plain:true,iconCls:\'icon-edit\'\">编辑 </a>',0,'2013-08-01 10:39:59'),('13080110395923008330','13080110395960103563','导出',1,0,5,'admin/TbsMenu/export.html','<a href=\"javascript:void(0)\" onclick=\"javascript:tbsMenuGridExport()\" class=\"easyui-linkbutton\" data-options=\"plain:true,iconCls:\'icon-reload\'\">导出</a>',0,'2013-08-01 10:39:59'),('13080110395927130751','13080110395916934046','导入',1,0,6,'admin/TbsLoginLog/importDlg.html','<a href=\"javascript:void(0)\" onclick=\"javascript:tbsLoginLogGridImport()\" class=\"easyui-linkbutton\" data-options=\"plain:true,iconCls:\'icon-reload\'\">导入</a>',0,'2013-08-01 10:39:59'),('13080110395929738553','13080110395429123439','菜单导航统计',0,0,0,'admin/TbsMenu/charts.html',NULL,0,'2013-08-01 10:39:59'),('13080110395930060609','13080110395429123439','登录日志统计',0,0,0,'admin/TbsLoginLog/charts.html',NULL,0,'2013-08-01 10:39:59'),('13080110395935450214','13080110395958402126','导入',1,0,6,'admin/TbsRole/importDlg.html','<a href=\"javascript:void(0)\" onclick=\"javascript:tbsRoleGridImport()\" class=\"easyui-linkbutton\" data-options=\"plain:true,iconCls:\'icon-reload\'\">导入</a>',0,'2013-08-01 10:39:59'),('13080110395935908567','13080110395960103563','添加',1,0,1,'admin/TbsMenu/add.html,admin/TbsMenu/baseDlg.html','<a href=\"javascript:void(0)\" onclick=\"javascript:tbsMenuGridAddAndEdit(\'添加 \',\'admin/TbsMenu/add.html\',0)\" class=\"easyui-linkbutton\" data-options=\"plain:true,iconCls:\'icon-add\'\">添加</a>',0,'2013-08-01 10:39:59'),('13080110395936814186','13080110395960103563','删除',1,0,3,'admin/TbsMenu/del.html','<a href=\"javascript:void(0)\" onclick=\"javascript:tbsMenuGridDel()\" class=\"easyui-linkbutton\" data-options=\"plain:true,iconCls:\'icon-remove\'\">删除</a>',0,'2013-08-01 10:39:59'),('13080110395936990086','13080110395958402126','查看',1,0,0,'admin/TbsRole/list.html,admin/TbsRole/listData.html,admin/TbsRole/TbsRoleSearchDlg.html',NULL,0,'2013-08-01 10:39:59'),('13080110395939391581','13080110395916934046','查看',1,0,0,'admin/TbsLoginLog/list.html,admin/TbsLoginLog/listData.html,admin/TbsLoginLog/TbsLoginLogSearchDlg.html',NULL,0,'2013-08-01 10:39:59'),('13080110395945354343','13080110395946934620','查看',1,0,0,'admin/TbsRoleMenu/list.html,admin/TbsRoleMenu/listData.html,admin/TbsRoleMenu/TbsRoleMenuSearchDlg.html',NULL,0,'2013-08-01 10:39:59'),('13080110395946404325','13080110395946934620','导出',1,0,5,'admin/TbsRoleMenu/export.html','<a href=\"javascript:void(0)\" onclick=\"javascript:tbsRoleMenuGridExport()\" class=\"easyui-linkbutton\" data-options=\"plain:true,iconCls:\'icon-reload\'\">导出</a>',0,'2013-08-01 10:40:00'),('13080110395946483276','13080110395960103563','刷新',1,0,4,NULL,'<a href=\"javascript:void(0)\" onclick=\"javascript:tbsMenuGridReload()\" class=\"easyui-linkbutton\" data-options=\"plain:true,iconCls:\'icon-reload\'\">刷新</a>',0,'2013-08-01 10:39:59'),('13080110395946934620','13080110395465301959','角色与资源关联表',0,0,0,'admin/TbsRoleMenu/index.html',NULL,0,'2013-08-01 10:39:59'),('13080110395958402126','13080110395452058362','权限角色',0,0,0,'admin/TbsRole/index.html',NULL,0,'2013-08-01 10:39:59'),('13080110395958696146','13080110395946934620','添加',1,0,1,'admin/TbsRoleMenu/add.html,admin/TbsRoleMenu/baseDlg.html','<a href=\"javascript:void(0)\" onclick=\"javascript:tbsRoleMenuGridAddAndEdit(\'添加 \',\'admin/TbsRoleMenu/add.html\',0)\" class=\"easyui-linkbutton\" data-options=\"plain:true,iconCls:\'icon-add\'\">添加</a>',0,'2013-08-01 10:39:59'),('13080110395960103563','13080110395452058362','菜单导航',0,0,0,'admin/TbsMenu/index.html',NULL,0,'2013-08-01 10:39:59'),('13080110395961975197','13080110395916934046','刷新',1,0,4,NULL,'<a href=\"javascript:void(0)\" onclick=\"javascript:tbsLoginLogGridReload()\" class=\"easyui-linkbutton\" data-options=\"plain:true,iconCls:\'icon-reload\'\">刷新</a>',0,'2013-08-01 10:39:59'),('13080110395964747837','13080110395429123439','角色与资源关联表统计',0,0,0,'admin/TbsRoleMenu/charts.html',NULL,0,'2013-08-01 10:39:59'),('13080110395973188397','13080110395958402126','添加',1,0,1,'admin/TbsRole/add.html,admin/TbsRole/baseDlg.html','<a href=\"javascript:void(0)\" onclick=\"javascript:tbsRoleGridAddAndEdit(\'添加 \',\'admin/TbsRole/add.html\',0)\" class=\"easyui-linkbutton\" data-options=\"plain:true,iconCls:\'icon-add\'\">添加</a>',0,'2013-08-01 10:39:59'),('13080110395973773478','13080110395958402126','删除',1,0,3,'admin/TbsRole/del.html','<a href=\"javascript:void(0)\" onclick=\"javascript:tbsRoleGridDel()\" class=\"easyui-linkbutton\" data-options=\"plain:true,iconCls:\'icon-remove\'\">删除</a>',0,'2013-08-01 10:39:59'),('13080110395975577763','13080110395916934046','删除',1,0,3,'admin/TbsLoginLog/del.html','<a href=\"javascript:void(0)\" onclick=\"javascript:tbsLoginLogGridDel()\" class=\"easyui-linkbutton\" data-options=\"plain:true,iconCls:\'icon-remove\'\">删除</a>',0,'2013-08-01 10:39:59'),('13080110395977827237','13080110395946934620','删除',1,0,3,'admin/TbsRoleMenu/del.html','<a href=\"javascript:void(0)\" onclick=\"javascript:tbsRoleMenuGridDel()\" class=\"easyui-linkbutton\" data-options=\"plain:true,iconCls:\'icon-remove\'\">删除</a>',0,'2013-08-01 10:39:59'),('13080110395979109069','13080110395958402126','刷新',1,0,4,NULL,'<a href=\"javascript:void(0)\" onclick=\"javascript:tbsRoleGridReload()\" class=\"easyui-linkbutton\" data-options=\"plain:true,iconCls:\'icon-reload\'\">刷新</a>',0,'2013-08-01 10:39:59'),('13080110395984166293','13080110395916934046','添加',1,0,1,'admin/TbsLoginLog/add.html,admin/TbsLoginLog/baseDlg.html','<a href=\"javascript:void(0)\" onclick=\"javascript:tbsLoginLogGridAddAndEdit(\'添加 \',\'admin/TbsLoginLog/add.html\',0)\" class=\"easyui-linkbutton\" data-options=\"plain:true,iconCls:\'icon-add\'\">添加</a>',0,'2013-08-01 10:39:59'),('13080110395984929619','13080110395916934046','导出',1,0,5,'admin/TbsLoginLog/export.html','<a href=\"javascript:void(0)\" onclick=\"javascript:tbsLoginLogGridExport()\" class=\"easyui-linkbutton\" data-options=\"plain:true,iconCls:\'icon-reload\'\">导出</a>',0,'2013-08-01 10:39:59'),('13080110395986421094','13080110395960103563','查看',1,0,0,'admin/TbsMenu/list.html,admin/TbsMenu/listData.html,admin/TbsMenu/TbsMenuSearchDlg.html',NULL,0,'2013-08-01 10:39:59'),('13080110395994421245','13080110395429123439','权限角色统计',0,0,0,'admin/TbsRole/charts.html',NULL,0,'2013-08-01 10:39:59'),('13080110395996199968','13080110395946934620','导入',1,0,6,'admin/TbsRoleMenu/importDlg.html','<a href=\"javascript:void(0)\" onclick=\"javascript:tbsRoleMenuGridImport()\" class=\"easyui-linkbutton\" data-options=\"plain:true,iconCls:\'icon-reload\'\">导入</a>',0,'2013-08-01 10:40:00'),('13080110395999633807','13080110395958402126','编辑',1,0,2,'admin/TbsRole/edit.html,admin/TbsRole/baseDlg.html,admin/TbsRole/save.html','<a href=\"javascript:void(0)\" onclick=\"javascript:tbsRoleGridAddAndEdit(\'修改\',\'admin/TbsRole/save.html\',1)\" class=\"easyui-linkbutton\" data-options=\"plain:true,iconCls:\'icon-edit\'\">编辑 </a>',0,'2013-08-01 10:39:59'),('13080110395999791303','13080110395916934046','编辑',1,0,2,'admin/TbsLoginLog/edit.html,admin/TbsLoginLog/baseDlg.html,admin/TbsLoginLog/save.html','<a href=\"javascript:void(0)\" onclick=\"javascript:tbsLoginLogGridAddAndEdit(\'修改\',\'admin/TbsLoginLog/save.html\',1)\" class=\"easyui-linkbutton\" data-options=\"plain:true,iconCls:\'icon-edit\'\">编辑 </a>',0,'2013-08-01 10:39:59'),('13080110400012965854','13080110400016426986','查看',1,0,0,'admin/TbsRoleUser/list.html,admin/TbsRoleUser/listData.html,admin/TbsRoleUser/TbsRoleUserSearchDlg.html',NULL,0,'2013-08-01 10:40:00'),('13080110400016426986','13080110395465301959','用户与角色关联表',0,0,0,'admin/TbsRoleUser/index.html',NULL,0,'2013-08-01 10:40:00'),('13080110400017465932','13080110395467025147','百度一下',0,2,0,'http://www.baidu.com',NULL,0,'2013-08-01 10:40:00'),('13080110400019244025','13080110400016426986','编辑',1,0,2,'admin/TbsRoleUser/edit.html,admin/TbsRoleUser/baseDlg.html,admin/TbsRoleUser/save.html','<a href=\"javascript:void(0)\" onclick=\"javascript:tbsRoleUserGridAddAndEdit(\'修改\',\'admin/TbsRoleUser/save.html\',1)\" class=\"easyui-linkbutton\" data-options=\"plain:true,iconCls:\'icon-edit\'\">编辑 </a>',0,'2013-08-01 10:40:00'),('13080110400020255268','13080110395467025147','浏览器分析',0,0,0,'admin/browser.html',NULL,0,'2013-08-01 10:40:00'),('13080110400033422792','13080110395429123439','用户与角色关联表统计',0,0,0,'admin/TbsRoleUser/charts.html',NULL,0,'2013-08-01 10:40:00'),('13080110400034784966','13080110400016426986','添加',1,0,1,'admin/TbsRoleUser/add.html,admin/TbsRoleUser/baseDlg.html','<a href=\"javascript:void(0)\" onclick=\"javascript:tbsRoleUserGridAddAndEdit(\'添加 \',\'admin/TbsRoleUser/add.html\',0)\" class=\"easyui-linkbutton\" data-options=\"plain:true,iconCls:\'icon-add\'\">添加</a>',0,'2013-08-01 10:40:00'),('13080110400035668401','13080110400070750625','查看',1,0,0,'admin/TbsUser/list.html,admin/TbsUser/listData.html,admin/TbsUser/TbsUserSearchDlg.html',NULL,0,'2013-08-01 10:40:00'),('13080110400038075911','13080110400070750625','删除',1,0,3,'admin/TbsUser/del.html','<a href=\"javascript:void(0)\" onclick=\"javascript:tbsUserGridDel()\" class=\"easyui-linkbutton\" data-options=\"plain:true,iconCls:\'icon-remove\'\">删除</a>',0,'2013-08-01 10:40:00'),('13080110400042545731','13080110400016426986','删除',1,0,3,'admin/TbsRoleUser/del.html','<a href=\"javascript:void(0)\" onclick=\"javascript:tbsRoleUserGridDel()\" class=\"easyui-linkbutton\" data-options=\"plain:true,iconCls:\'icon-remove\'\">删除</a>',0,'2013-08-01 10:40:00'),('13080110400045658187','13080110395429123439','系统用户统计',0,0,0,'admin/TbsUser/charts.html',NULL,0,'2013-08-01 10:40:00'),('13080110400052467384','13080110395467025147','数据库监控',0,2,0,'druid/index.html',NULL,0,'2013-08-01 10:40:00'),('13080110400054185314','13080110400070750625','编辑',1,0,2,'admin/TbsUser/edit.html,admin/TbsUser/baseDlg.html,admin/TbsUser/save.html','<a href=\"javascript:void(0)\" onclick=\"javascript:tbsUserGridAddAndEdit(\'修改\',\'admin/TbsUser/save.html\',1)\" class=\"easyui-linkbutton\" data-options=\"plain:true,iconCls:\'icon-edit\'\">编辑 </a>',0,'2013-08-01 10:40:00'),('13080110400054568034','13080110395464455251','模板生成',0,0,0,'admin/template/index.html',NULL,0,'2013-08-01 10:40:00'),('13080110400060718192','13080110400070750625','添加',1,0,1,'admin/TbsUser/add.html,admin/TbsUser/baseDlg.html','<a href=\"javascript:void(0)\" onclick=\"javascript:tbsUserGridAddAndEdit(\'添加 \',\'admin/TbsUser/add.html\',0)\" class=\"easyui-linkbutton\" data-options=\"plain:true,iconCls:\'icon-add\'\">添加</a>',0,'2013-08-01 10:40:00'),('13080110400060744922','13080110400016426986','导出',1,0,5,'admin/TbsRoleUser/export.html','<a href=\"javascript:void(0)\" onclick=\"javascript:tbsRoleUserGridExport()\" class=\"easyui-linkbutton\" data-options=\"plain:true,iconCls:\'icon-reload\'\">导出</a>',0,'2013-08-01 10:40:00'),('13080110400065634533','13080110395467025147','服务器监控',0,0,0,'admin/SystemSigar/index.html',NULL,0,'2013-08-01 10:40:00'),('13080110400069532760','13080110395496481672','上传演示',0,0,0,'admin/uploadIndex.html',NULL,0,'2013-08-01 10:40:00'),('13080110400070136479','13080110400070750625','导出',1,0,5,'admin/TbsUser/export.html','<a href=\"javascript:void(0)\" onclick=\"javascript:tbsUserGridExport()\" class=\"easyui-linkbutton\" data-options=\"plain:true,iconCls:\'icon-reload\'\">导出</a>',0,'2013-08-01 10:40:00'),('13080110400070750625','13080110395452058362','系统用户',0,0,0,'admin/TbsUser/index.html',NULL,0,'2013-08-01 10:40:00'),('13080110400087106465','13080110400070750625','导入',1,0,6,'admin/TbsUser/importDlg.html','<a href=\"javascript:void(0)\" onclick=\"javascript:tbsUserGridImport()\" class=\"easyui-linkbutton\" data-options=\"plain:true,iconCls:\'icon-reload\'\">导入</a>',0,'2013-08-01 10:40:00'),('13080110400092078684','13080110400016426986','刷新',1,0,4,NULL,'<a href=\"javascript:void(0)\" onclick=\"javascript:tbsRoleUserGridReload()\" class=\"easyui-linkbutton\" data-options=\"plain:true,iconCls:\'icon-reload\'\">刷新</a>',0,'2013-08-01 10:40:00'),('13080110400096561247','13080110400016426986','导入',1,0,6,'admin/TbsRoleUser/importDlg.html','<a href=\"javascript:void(0)\" onclick=\"javascript:tbsRoleUserGridImport()\" class=\"easyui-linkbutton\" data-options=\"plain:true,iconCls:\'icon-reload\'\">导入</a>',0,'2013-08-01 10:40:00'),('13080110400097711969','13080110400070750625','刷新',1,0,4,NULL,'<a href=\"javascript:void(0)\" onclick=\"javascript:tbsUserGridReload()\" class=\"easyui-linkbutton\" data-options=\"plain:true,iconCls:\'icon-reload\'\">刷新</a>',0,'2013-08-01 10:40:00'),('13080110400099312317','13080110395496481672','项目下载',0,2,0,'download.html',NULL,0,'2013-08-01 10:40:00');

/*Table structure for table `TbsRole` */

DROP TABLE IF EXISTS `TbsRole`;

CREATE TABLE `TbsRole` (
  `id` char(20) collate utf8_unicode_ci NOT NULL COMMENT '主键',
  `name` varchar(20) collate utf8_unicode_ci default NULL COMMENT '角色',
  `text` varchar(500) collate utf8_unicode_ci default NULL COMMENT '所有权限',
  `createTime` timestamp NOT NULL default CURRENT_TIMESTAMP COMMENT '时间',
  PRIMARY KEY  (`id`)
) ENGINE=InnoDB DEFAULT CHARSET=utf8 COLLATE=utf8_unicode_ci COMMENT='权限角色';

/*Data for the table `TbsRole` */

insert  into `TbsRole`(`id`,`name`,`text`,`createTime`) values ('13080110395541721609','源码生成权限','源码生成权限','2013-08-01 10:39:55'),('13080110395560027412','数据表管理权限','数据表管理权限','2013-08-01 10:39:55'),('13080110395562040599','监控管理权限','监控管理权限','2013-08-01 10:39:55'),('13080110395566101463','源码编辑权限','源码编辑权限','2013-08-01 10:39:55'),('13080110395572512871','功能管理权限','功能管理权限','2013-08-01 10:39:56'),('13080110395586994353','数据表统计权限','数据表统计权限','2013-08-01 10:39:55'),('13080110395587872009','系统管理权限','系统管理权限','2013-08-01 10:39:55'),('13080110395590730185','采集管理权限','采集管理权限','2013-08-01 10:39:55');

/*Table structure for table `TbsRoleMenu` */

DROP TABLE IF EXISTS `TbsRoleMenu`;

CREATE TABLE `TbsRoleMenu` (
  `id` char(20) collate utf8_unicode_ci NOT NULL COMMENT '主键',
  `roleId` char(20) collate utf8_unicode_ci default NULL COMMENT '角色主键',
  `menuIdFun` char(20) collate utf8_unicode_ci default NULL COMMENT '功能主键',
  `menuId` char(20) collate utf8_unicode_ci default NULL COMMENT '菜单主键',
  `createTime` timestamp NOT NULL default CURRENT_TIMESTAMP COMMENT '时间',
  PRIMARY KEY  (`id`)
) ENGINE=InnoDB DEFAULT CHARSET=utf8 COLLATE=utf8_unicode_ci COMMENT='角色与资源关联表';

/*Data for the table `TbsRoleMenu` */

insert  into `TbsRoleMenu`(`id`,`roleId`,`menuIdFun`,`menuId`,`createTime`) values ('13080110443048570075','13080110395566101463','13080110400054568034','13080110400054568034','2013-08-01 10:44:30'),('13080110443068546600','13080110395566101463','13080110395464455251','13080110395464455251','2013-08-01 10:44:30');

/*Table structure for table `TbsRoleUser` */

DROP TABLE IF EXISTS `TbsRoleUser`;

CREATE TABLE `TbsRoleUser` (
  `id` char(20) collate utf8_unicode_ci NOT NULL COMMENT '主键',
  `userId` char(20) collate utf8_unicode_ci default NULL COMMENT '用户主键',
  `roleId` char(20) collate utf8_unicode_ci default NULL COMMENT '角色主键',
  `createTime` timestamp NOT NULL default CURRENT_TIMESTAMP COMMENT '时间',
  PRIMARY KEY  (`id`)
) ENGINE=InnoDB DEFAULT CHARSET=utf8 COLLATE=utf8_unicode_ci COMMENT='用户与角色关联表';

/*Data for the table `TbsRoleUser` */

insert  into `TbsRoleUser`(`id`,`userId`,`roleId`,`createTime`) values ('13080110395514864174','13080110395510410111','13080110395541721609','2013-08-01 10:39:55'),('13080110395521174386','13080110395541498736','13080110395572512871','2013-08-01 10:39:56'),('13080110395524666783','13080110395530275034','13080110395590730185','2013-08-01 10:39:55'),('13080110395536220463','13080110395536197890','13080110395560027412','2013-08-01 10:39:55'),('13080110395559358925','13080110395543386179','13080110395587872009','2013-08-01 10:39:55'),('13080110395565622147','13080110395524537333','13080110395562040599','2013-08-01 10:39:55'),('13080110395566633203','13080110395527650842','13080110395586994353','2013-08-01 10:39:55'),('13080110395599088826','13080110395552799616','13080110395566101463','2013-08-01 10:39:55');

/*Table structure for table `TbsUser` */

DROP TABLE IF EXISTS `TbsUser`;

CREATE TABLE `TbsUser` (
  `id` char(20) collate utf8_unicode_ci NOT NULL COMMENT '主键',
  `username` varchar(50) collate utf8_unicode_ci NOT NULL COMMENT '用户名',
  `password` varchar(50) collate utf8_unicode_ci default NULL COMMENT '密码',
  `createTime` timestamp NOT NULL default CURRENT_TIMESTAMP COMMENT '时间',
  `ip` varchar(20) collate utf8_unicode_ci default NULL COMMENT 'ip',
  `count` int(9) default '0' COMMENT '次数',
  `isLock` int(1) default '0' COMMENT '锁定',
  `lockTime` datetime default NULL COMMENT '锁定时间',
  `failCount` int(1) default '0' COMMENT '失败次数',
  `isAdmin` int(1) default '1' COMMENT '权限类型',
  PRIMARY KEY  (`id`),
  UNIQUE KEY `unique_username` (`username`)
) ENGINE=InnoDB DEFAULT CHARSET=utf8 COLLATE=utf8_unicode_ci COMMENT='系统用户';

/*Data for the table `TbsUser` */

insert  into `TbsUser`(`id`,`username`,`password`,`createTime`,`ip`,`count`,`isLock`,`lockTime`,`failCount`,`isAdmin`) values ('13080110395510410111','test4','adb72b256f38df9e','2013-08-01 10:39:55','127.0.0.1',0,0,NULL,0,1),('13080110395524537333','test2','adb72b256f38df9e','2013-08-01 10:39:55','127.0.0.1',0,0,NULL,0,1),('13080110395524874852','admin','adb72b256f38df9e','2013-08-01 10:39:55','127.0.0.1',0,0,NULL,0,0),('13080110395527650842','test6','adb72b256f38df9e','2013-08-01 10:39:55','127.0.0.1',0,0,NULL,0,1),('13080110395530275034','test7','adb72b256f38df9e','2013-08-01 10:39:55','127.0.0.1',0,0,NULL,0,1),('13080110395536197890','test5','adb72b256f38df9e','2013-08-01 10:39:55','127.0.0.1',0,0,NULL,0,1),('13080110395541498736','test8','adb72b256f38df9e','2013-08-01 10:39:56','127.0.0.1',0,0,NULL,0,1),('13080110395543386179','test1','adb72b256f38df9e','2013-08-01 10:39:55','127.0.0.1',0,0,NULL,0,1),('13080110395552799616','test3','adb72b256f38df9e','2013-08-01 10:39:55','127.0.0.1',0,0,NULL,0,1),('13080110430015085615','t','77bb70300fb93299','2013-08-01 10:43:00',NULL,0,0,NULL,0,1),('13080110430332663866','tt','77bb70300fb93299','2013-08-01 10:43:04',NULL,0,0,NULL,0,1),('13080110430783453749','ttt','77bb70300fb93299','2013-08-01 10:43:07',NULL,0,0,NULL,0,1),('13080110431199269046','tttt','77bb70300fb93299','2013-08-01 10:43:11',NULL,0,0,NULL,0,1),('13080110431529406390','ttttt','77bb70300fb93299','2013-08-01 10:43:15',NULL,0,0,NULL,0,1);

/*!40101 SET SQL_MODE=@OLD_SQL_MODE */;
/*!40014 SET FOREIGN_KEY_CHECKS=@OLD_FOREIGN_KEY_CHECKS */;
/*!40014 SET UNIQUE_CHECKS=@OLD_UNIQUE_CHECKS */;
/*!40111 SET SQL_NOTES=@OLD_SQL_NOTES */;
